year,average_temp
2003,20.372764665982306
2004,20.23752159969206
2006,20.24082632907517
2007,20.22072031822586
2008,20.425575810752722
2009,20.327733073322864
2010,20.150183755871986
2011,20.15531653087206
2012,20.48882253659594
2013,20.254496365032708
2014,20.44152263756773
2015,20.564280801127662
2016,20.61804800328972
2017,20.66612388951523
2018,20.77449250934051
2019,20.681946345507992
2020,20.77342359342651
2021,20.86153682571042
2022,20.862866611426533
