year,average_temp
2003,15.856765838701723
2004,15.942036749867517
2005,15.693732820938612
2006,15.521851679568837
2007,15.264978162834263
2008,14.827833201931812
2009,15.319821394214745
2010,15.18923391137181
2011,15.045408694947579
2012,15.124938225066046
2013,15.579076644862958
2014,16.758029058109297
2015,17.2599708531913
2016,16.456440389898546
2017,15.969101191191639
2018,16.04005557056902
2019,16.112375161089503
2020,16.032802469885436
2021,15.423088717143468
2022,15.889378801563003
